WORDS,CHATGPT,OED,DEF_YEAR,OLD_DEF,NEW_DEF
time,0,0,1398,,
man,1,1,1963,Male human being,Manly man
years,1,0,Old English,Old meaning 365 days,Any time period
part,1,1,1864,piece,role
way,1,1,1850,method,part
life,1,1,1843,alive,philosophical
people,1,1,1475,individual,group
work,1,1,1973,Physical ,any job
world,1,1,1589,Earth,entirety of existence
states,1,1,1590,state,US
state,0,0,1615,,
day,1,1,1839,day,back in the day
united,0,0,1552,,
men,1,1,1979,males,little gender neutral
number,0,0,1325,,
case,1,1,1859,container,situation
fact,0,0,1600,,
use,0,0,1250,,
york,0,1,1960,,
place,0,0,1793,,
end,1,0,1616,extermity,goal/result-abstract
year,0,0,Old English,,
war,0,0,1687,,
government,0,0,1400,,
order,0,0,1840,,
law,0,0,1598,,
point,0,0,1832,,
country,0,0,1300,,
hand,0,0,1440,,
god,0,0,1574,,
course,0,1,1887,,of course
power,0,0,1713,,
house,0,1,1986,,dance
water,0,0,1382,,
system,0,0,1580,,
form,0,0,1575,,
side,0,1,1913,,
act,0,0,1972,,
children,0,0,Old English,,
history,0,0,1475,,
university,0,0,1680,,
century,0,0,1611,,
things,0,1,1883,,
nature,0,0,1694,,
question,0,0,1470,,
means,0,1,1938,,mean person
matter,0,0,1895,,
period,0,0,1595,,
court,0,0,1666,,
mind,0,0,1881,,
nothing,0,0,1637,,
days,1,0,1839,,
development,0,0,1724,,
value,0,0,1434,,
school,0,0,1695,,
cent,0,0,1809,,
view,0,0,1570,,
city,0,0,1225,,
interest,0,0,1608,,
subject,0,0,1382,,
example,0,0,1393,,
body,0,0,1700,,
person,0,0,1548,,
book,0,0,1530,,
study,0,0,1530,,
company,0,1,1927,,
times,1,1,1877,instance,abstract
name,0,0,1400,,
effect,0,0,1581,,
head,0,1,1959,,headlight
thing,0,1,1883,,
result,0,0,1626,,
land,0,1,1920,,
cases,0,0,1859,,
reason,0,0,1736,,
women,0,0,Old English,,
church,0,1,1939,,
members,0,0,1823,,
age,0,0,1440,,
sense,0,0,1763,,
amount,0,0,1450,,
society,0,0,1513,,
others,0,0,1810,,
death,0,1,1979,,
something,0,1,1859,,
home,0,0,1836,,
position,0,0,1647,,
light,0,0,1871,,
education,0,0,1527,,
words,0,0,Old English,,
change,0,0,1225,,
room,0,0,1867,,
line,0,0,1796,,
london,0,0,1475,,
father,0,0,1425,,
money,0,0,1895,,
child,0,0,1175,,
business,0,0,Old English,,
press,0,0,1794,,
family,0,0,1388,,
south,0,0,1784,,
england,0,0,1475,,
rate,0,0,1883,,
action,0,0,1734,,
problem,0,0,1645,,
account,0,0,1300,,
party,0,0,1586,,
purpose,0,0,1425,,
face,0,0,1440,,
knowledge,0,0,1797,,
kind,0,0,1786,,
king,0,0,1425,,
conditions,0,0,1513,,
group,0,0,1706,,
section,0,0,1819,,
love,0,0,1865,,
process,0,0,1814,,
hands,0,0,1440,,
terms,0,0,1475,,
word,0,0,1500,,
north,0,0,1850,,
air,0,0,1706,,
office,0,1,1968,,
night,0,0,1393,,
eyes,0,0,1818,,
force,0,0,1847,,
service,0,0,1602,,
feet,0,0,1362,,
control,0,0,1564,,
president,0,0,1808,,
parts,0,1,1864,,
information,0,0,1387,,
increase,0,0,1374,,
cause,0,0,1845,,
america,0,0,1631,,
table,0,0,1450,,
moment,0,0,1661,,
mother,0,0,1697,,
property,0,0,1897,,
idea,0,0,1638,,
evidence,0,0,1601,,
chapter,0,0,1485,,
west,0,0,1613,,
basis,0,0,1560,,
heart,0,0,Old English,,
extent,0,0,1664,,
woman,0,0,1611,,
beginning,0,0,1576,,
results,0,0,1626,,
rest,0,0,1475,,
anything,0,0,Old English,,
manner,0,0,1532,,
level,0,0,1552,,
middle,0,0,1384,,
care,0,0,1849,,
field,0,1,1865,,
class,0,0,1642,,
lord,0,0,1393,,
committee,0,0,1742,,
attention,0,0,1374,,
surface,0,0,1775,,
area,0,0,1749,,
policy,0,1,1857,,
ground,0,0,1794,,
months,0,1,1887,,
difference,0,0,1661,,
experience,0,0,1541,,
trade,0,0,1546,,
east,0,1,1900,,
board,0,0,1460,,
council,0,0,1225,,
member,0,0,1823,,
importance,0,0,1485,,
population,0,0,1656,,
son,0,1,1918,,
method,0,0,1607,,
union,0,0,1475,,
degree,0,0,1614,,
letter,0,0,1616,,
problems,0,0,1645,,
deal,0,0,1613,,
department,0,1,1885,,
countries,0,0,1300,,
direction,0,0,1407,,
opinion,0,0,1555,,
term,0,0,1475,,
influence,0,0,1658,,
return,0,0,1413,,
future,0,0,1642,,
theory,0,0,1727,,
earth,0,0,1450,,
cost,0,0,1598,,
art,0,0,1602,,
blood,0,0,1522,,
john,0,0,1392,,
character,0,0,1555,,
situation,0,0,1425,,
france,0,0,Old English,,
wife,0,0,Old English,,
production,1,1,1450,,
hours,0,0,1250,,
sea,0,0,1839,,
respect,0,0,1487,,
health,0,0,1628,,
science,0,0,1350,,
c,0,1,1975,,
peace,0,0,1686,,
report,0,0,1425,,
changes,0,0,1225,,
solution,0,1,1891,,
story,0,0,1692,,
truth,0,0,1250,,
doubt,0,0,1611,,
rights,0,0,1450,,
spirit,0,0,1598,,
size,0,0,1659,,
laws,0,0,1817,,
door,0,0,1425,,
language,0,0,1688,,
b,0,1,1985,,
army,0,0,1425,,
temperature,0,0,1531,,
persons,0,0,1548,,
river,0,0,1531,,
condition,0,0,1513,,
research,0,0,1708,,
length,0,0,1622,,
town,0,0,1585,,
rule,0,0,1567,,
morning,0,0,1275,,
miles,0,0,1722,,
type,0,1,1887,,
material,0,0,1643,,
books,0,0,Old English,,
congress,0,1,1850,,
hope,0,0,1440,,
data,0,0,1645,,
sir,0,0,1618,,
front,0,0,1540,,
association,0,0,1535,,
support,0,0,1391,,
march,0,1,1866,,
europe,0,1,1957,,
pressure,0,1,1911,,
community,0,0,1395,,
growth,0,0,1773,,
date,0,0,1513,,
washington,0,1,1878,,
price,0,0,1835,,
answer,0,0,Old English,,
movement,0,0,1393,,
authority,0,0,1225,,
energy,0,0,1545,,
hour,0,1,1869,,
figure,0,0,1382,,
capital,0,0,1776,,
june,0,1,1869,,
presence,0,0,1325,,
india,0,0,1586,,
food,0,0,1300,,
distance,0,0,1578,,
paper,0,0,1813,,
journal,0,0,1803,,
chief,0,0,1297,,
college,0,0,1819,,
relation,0,0,1390,,
analysis,0,0,1580,,
ways,0,1,1850,,
attempt,0,0,1548,,
income,0,0,1808,,
note,0,0,1825,,
object,0,0,1650,,
loss,0,0,1833,,
relations,0,0,1390,,
nations,0,0,1765,,
groups,0,0,1706,,
existence,0,0,1425,,
bank,0,0,1598,,
series,0,0,1594,,
industry,0,0,1473,,
function,0,0,1844,,
studies,0,0,1300,,
schools,0,0,1695,,
nation,0,0,1765,,
ii,0,0,Old English,,
friends,0,0,1225,,
labor,0,0,1390,,
operation,0,0,1393,,
july,0,0,Old English,,
commission,0,0,1725,,
practice,0,0,1421,,
role,0,1,1976,,
disease,0,0,1439,,
regard,0,0,1620,,
works,0,0,Old English,,
needs,0,0,1500,,
duty,0,1,1853,,
points,0,0,1832,,
friend,0,0,1225,,
structure,0,0,1664,,
patient,0,0,1647,,
voice,0,0,1429,,
sun,0,0,1774,,
fire,0,0,1540,,
questions,0,0,1470,,
source,0,0,1616,,
organization,0,0,1425,,
interests,0,0,1608,,
plan,0,0,1718,,
forms,0,0,1575,,
market,0,0,1493,,
majority,0,0,1760,,
constitution,0,0,1380,,
affairs,0,0,1390,,
secretary,0,1,1927,,
meeting,0,0,1548,,
principle,0,0,1823,,
building,0,0,1597,,
christ,0,0,Old English,,
principles,0,0,1823,,
stage,0,0,1640,,
treatment,0,0,1560,,
april,0,0,Old English,,
justice,0,0,1300,,
addition,0,0,1659,,
meaning,0,1,1884,,
goods,0,0,Old English,,
minister,0,0,1340,,
methods,0,0,1607,,
street,0,0,1555,,
decision,0,1,1877,,
author,0,0,1597,,
instance,0,0,1513,,
volume,0,0,1815,,
students,0,1,1925,,
forces,0,0,1847,,
factors,0,0,1611,,
rise,0,0,1450,,
powers,0,0,1713,,
understanding,0,0,1200,,
co,0,1,1916,,
lines,0,0,1523,,
discussion,0,0,1425,,
religion,0,0,1200,,
january,0,0,Old English,,
services,0,0,1602,,
workers,0,0,1382,,
effects,0,0,1581,,
acid,0,1,1916,,
week,0,1,1856,,
road,0,0,1841,,
space,0,0,1612,,
opportunity,0,0,1387,,
circumstances,0,0,1475,,
germany,0,0,Old English,,
success,0,0,1545,,
range,0,0,1780,,
statement,0,1,1931,,
relationship,0,0,1724,,
agreement,0,0,1425,,
faith,0,0,1438,,
eye,0,0,1818,,
charge,0,0,1250,,
center,0,0,1624,,
tax,0,0,1651,,
facts,0,0,1606,,
administration,0,0,1350,,
weight,0,0,1647,,
fig,0,1,1891,,
minutes,0,0,1601,,
everything,0,0,1225,,
strength,0,0,1200,,
feeling,0,0,1400,,
freedom,0,0,1548,,
desire,0,0,1303,,
literature,0,0,1450,,
bed,0,1,1941,,
heat,0,0,Old English,,
december,0,0,1845,,
values,0,0,1434,,
parties,0,0,1586,,
purposes,0,0,1382,,
britain,0,0,1490,,
soul,0,0,1616,,
arms,0,0,1761,,
reasons,0,0,1736,,
supply,0,0,1701,,
measure,0,0,1325,,
test,0,1,1952,,
x,0,0,1849,,
cells,0,1,1988,,
percent,0,1,1863,,
review,0,0,1573,,
paris,0,0,1307,,
areas,0,0,1552,,
species,0,0,1551,,
connection,0,0,1609,,
application,0,0,1398,,
scale,0,0,1813,,
wall,0,1,1884,,
lives,0,0,1531,,
october,0,0,Old English,,
effort,0,0,1661,,
progress,0,0,1579,,
step,0,1,1985,,
month,0,1,1887,,
demand,0,0,1500,,
rules,0,0,1567,,
sort,0,1,1956,,
issue,0,0,1400,,
distribution,0,0,1382,,
library,0,0,1382,,
consideration,0,0,1386,,
august,0,1,1900,,
portion,0,0,1400,,
revolution,0,0,1805,,
differences,0,0,1661,,
september,0,0,Old English,,
cross,0,0,1731,,
provisions,0,0,1604,,
county,0,0,1848,,
quality,0,0,1813,,
expression,0,0,1425,,
letters,0,0,1616,,
boy,0,0,1718,,
ideas,0,0,1638,,
none,0,0,1782,,
program,0,0,1834,,
proportion,0,0,1384,,
chance,0,0,1393,,
reference,0,0,1623,,
places,0,0,1793,,
chicago,0,0,1821,,
ability,0,0,1398,,
advantage,0,0,1459,,
stock,0,1,1882,,
article,0,0,1434,,
husband,0,0,1325,,
share,0,0,1735,,
mouth,0,0,1400,,
notice,0,0,1447,,
region,0,0,1330,,
lack,0,0,1816,,
events,0,1,1969,,
girl,0,0,1820,,
fear,0,0,1816,,
product,0,0,1826,,
california,0,0,1831,,
foot,0,0,1604,,
activity,0,0,1425,,
factor,0,0,1611,,
weeks,0,0,Old English,,
job,0,0,1843,,
picture,0,0,1490,,
sum,0,0,1570,,
supreme,0,0,1475,,
elements,0,0,1400,,
governor,0,0,1325,,
november,0,0,Old English,,
china,0,0,1706,,
contract,0,0,1530,,
gold,0,0,Old English,,
activities,0,0,1425,,
parents,0,0,1663,,
conclusion,0,0,1374,,
brother,0,0,1455,,
corporation,0,0,1439,,
bill,0,1,1969,,
february,0,0,1225,,
floor,0,0,1841,,
william,0,1,1967,,
officers,0,0,1648,,
vol,0,0,1722,,
mass,0,1,1965,,
judgment,0,0,1250,,
master,0,0,1827,,
district,0,0,1792,,
post,0,1,1984,,
africa,0,0,Old English,,
enemy,0,1,1864,,
materials,0,0,1643,,
coast,0,0,1382,,
oil,0,0,1706,,
music,0,0,1649,,
sides,0,1,1913,,
island,0,0,1661,,
products,0,0,1826,,
iron,0,1,1892,,
task,0,0,1483,,
jesus,0,0,Old English,,
bottom,0,0,1544,,
difficulty,0,0,1382,,
sight,0,1,1930,,
economy,0,0,1440,,
motion,0,0,1476,,
animals,0,0,1398,,
division,0,0,1374,,
record,0,1,1950,,
evening,0,1,1874,,
resources,0,1,1917,,
spite,0,0,1400,,
approach,0,0,1489,,
patients,0,0,1647,,
list,0,0,1813,,
absence,0,0,1325,,
types,0,0,1596,,
danger,0,0,1672,,
failure,0,0,1643,,
management,0,0,1598,,
battle,0,0,1721,,
lot,0,0,1487,,
classes,0,0,1642,,
piece,0,0,1686,,
variety,0,0,1533,,
race,0,0,1758,,
culture,0,0,1510,,
matters,0,0,1614,,
dollars,0,0,1553,,
hill,0,0,1552,,
contact,0,0,1834,,
kingdom,0,1,1891,,
institute,0,0,1681,,
behavior,0,0,1490,,
philosophy,0,0,1382,,
security,0,0,1425,,
title,0,0,1560,,
individuals,0,0,1425,,
exercise,0,0,1382,,
cities,0,0,1225,,
training,0,0,1677,,
numbers,0,0,1325,,
soil,0,0,1844,,
empire,0,0,1840,,
marriage,0,0,1300,,
construction,0,0,1387,,
gas,0,1,1918,,
judge,0,0,1350,,
speech,0,1,1875,,
origin,0,0,1640,,
daughter,0,0,Old English,,
equation,0,0,1393,,
names,0,0,Old English,,
base,0,1,1984,,
conference,0,0,1846,,
teachers,0,0,1619,,
treaty,0,1,1862,,
acts,0,0,1460,,
possession,0,0,1602,,
teacher,0,0,1619,,
commerce,0,0,1839,,
royal,0,0,1400,,
claim,0,0,1330,,
labour,0,0,1390,,
model,0,0,1581,,
aid,0,1,1961,,
sale,0,0,1809,,
command,0,0,1552,,
protection,0,0,1350,,
reader,0,0,Old English,,
trust,0,0,1604,,
appearance,0,0,1384,,
possibility,0,0,1385,,
choice,0,0,1756,,
content,0,0,1578,,
causes,0,0,1845,,
formation,0,0,1450,,
systems,0,0,1580,,
efforts,0,0,1661,,
trouble,0,0,1509,,
ship,0,1,1998,,
responsibility,0,0,1642,,
balance,0,0,1770,,
flow,0,0,1804,,
struggle,0,0,1692,,
houses,0,1,1986,,
payment,0,0,1778,,
trees,0,0,1650,,
text,0,1,1854,,
boston,0,1,1913,,
village,0,0,1819,,
officer,0,0,1648,,
san,0,1,1906,,
subjects,0,0,1382,,
attack,0,0,1646,,
occasion,0,0,1677,,
assembly,0,0,1330,,
pleasure,0,0,1538,,
conduct,0,0,1430,,
republic,0,0,1549,,
summer,0,0,1703,,
passage,0,0,1791,,
inches,0,0,1599,,
george,0,0,1474,,
charles,0,0,Old English,,
duties,0,0,1297,,
steps,0,1,1895,,
exchange,0,0,1400,,
hall,0,1,1867,,
visit,0,0,1626,,
figures,0,0,1382,,
politics,0,1,1892,,
james,0,0,1225,,
page,0,0,1615,,
accordance,0,0,1388,,
courts,0,0,1666,,
introduction,0,0,1386,,
benefit,0,0,1549,,
capacity,0,0,1480,,
edge,0,0,1297,,
quantity,0,0,1325,,
belief,0,0,1175,,
wind,0,0,1557,,
cambridge,0,0,1580,,
today,0,0,Old English,,
student,0,1,1925,,
henry,0,1,1890,,
hair,0,0,1751,,
unit,0,0,1721,,
japan,0,0,1688,,
vote,0,0,1827,,
plant,0,0,1798,,
prices,0,0,1471,,
event,0,1,1969,,
description,0,0,1384,,
trial,0,1,1981,,
examination,0,0,1325,,
tree,0,0,1650,,
birth,0,0,1667,,
spring,0,1,1886,,
agriculture,0,0,1440,,
response,0,0,1300,,
boys,0,0,1718,,
functions,0,0,1844,,
costs,0,0,1598,,
sake,0,0,1687,,
ages,0,0,1440,,
performance,0,0,1487,,
election,0,0,1270,,
sons,0,1,1918,,
shape,0,1,1950,,
environment,0,0,1603,,
resistance,0,0,1325,,
employment,0,0,1437,,
citizens,0,0,1686,,
lady,0,0,1600,,
canada,0,0,1814,,
detail,0,0,1837,,
estate,0,0,1600,,
cell,0,1,1988,,
quarter,0,0,1495,,
reaction,0,0,1585,,
design,0,0,1565,,
height,0,0,1607,,
window,0,0,1616,,
appeal,0,0,1330,,
heaven,0,0,1614,,
professor,0,0,1835,,
news,0,0,1650,,
liberty,0,1,1882,,
russia,0,0,1663,,
aspects,0,0,1692,,
parliament,0,0,1537,,
oxford,0,0,1455,,
centre,0,0,1555,,
pain,0,0,1550,,
staff,0,1,1878,,
plants,0,0,1798,,
rates,0,1,1883,,
reality,0,0,1513,,
attitude,0,0,1668,,
establishment,0,0,1481,,
corner,0,0,1400,,
measures,0,0,1325,,
ratio,0,1,1928,,
necessity,0,0,1827,,
indians,0,0,1393,,
animal,0,0,1400,,
glass,0,0,1547,,
centuries,0,0,1398,,
institutions,0,0,1380,,
horse,0,0,Old English,,
tendency,0,0,1774,,
writer,0,0,Old English,,
senate,0,0,1275,,
argument,0,0,1747,,
bureau,0,0,1664,,
credit,0,0,1541,,
teaching,0,1,1853,,
italy,0,0,Old English,,
hospital,0,0,1840,,
confidence,0,1,1875,,
sign,0,0,1641,,
rome,0,1,1867,,
papers,0,0,1594,,
conflict,0,0,1475,,
sleep,0,0,Old English,,
families,0,0,1388,,
queen,0,0,1616,,
arm,0,1,1980,,
distinction,0,0,1225,,
troops,0,0,1565,,
risk,0,0,1660,,
objects,0,0,1425,,
m,0,1,1997,,
sources,0,0,1616,,
walls,0,1,1884,,
representatives,0,0,1475,,
kinds,0,0,1596,,
n,0,1,1858,,
doctrine,0,0,1648,,
welfare,0,1,1909,,
mexico,0,0,Old English,,
status,0,0,1577,,
procedure,0,0,1577,,
exception,0,0,1845,,
speed,0,0,Old English,,
car,0,0,1791,,
police,0,0,1600,,
stone,0,0,1175,,
brown,0,0,1300,,
psychology,0,0,1654,,
girls,0,0,1820,,
scene,0,1,1973,,
memory,0,0,1225,,
league,0,0,1623,,
t,0,1,1978,,
virginia,0,0,1609,,
territory,0,0,1477,,
skin,0,0,1825,,
beauty,0,0,1598,,
error,0,0,1828,,
articles,0,0,1434,,
phase,0,1,1904,,
provision,0,0,1604,,
image,0,0,1390,,
convention,0,0,1419,,
p,0,0,1670,,
leaders,0,0,1440,,
arts,0,0,1602,,
consequence,0,0,1645,,
explanation,0,0,1382,,
brain,0,0,1400,,
wealth,0,0,1275,,
firm,0,1,1875,,
sciences,0,0,1350,,
consent,0,0,1538,,
spain,0,0,1340,,
executive,0,0,1646,,
angle,0,1,1874,,
banks,0,0,1567,,
thomas,0,0,Old English,,
winter,0,0,1683,,
edition,0,0,1715,,
wood,0,1,1925,,
difficulties,0,0,1382,,
element,0,0,1400,,
ones,0,0,Old English,,
paul,0,1,1975,,
color,0,1,1944,,
concept,0,0,1603,,
touch,0,0,1325,,
notes,0,0,1825,,
significance,0,0,1400,,
impression,0,0,1612,,
chair,0,0,1815,,
features,0,0,1755,,
independence,0,0,1641,,
fields,0,1,1865,,
plane,0,1,1908,,
tube,0,0,1828,,
minds,0,1,1881,,
examples,0,0,1393,,
mountains,0,1,1899,,
e,0,1,1988,,
orders,0,0,1225,,
machine,0,0,1545,,
permission,0,0,1425,,
valley,0,0,1793,,
ministry,0,0,1225,,
operations,0,0,1393,,
sections,0,0,1819,,
prince,0,0,1592,,
foundation,0,0,1661,,
views,0,0,1520,,
leaves,0,1,1885,,
copy,0,0,1530,,
issues,0,0,1400,,
processes,0,0,1814,,
concern,0,0,1589,,
anyone,0,0,1393,,
details,0,0,1837,,
museum,0,0,1838,,
silver,0,0,1440,,
owner,0,0,Old English,,
determination,0,0,1395,,
collection,0,0,1715,,
requirements,0,0,1530,,
creation,0,0,1390,,
ends,0,0,1616,,
lake,0,1,1898,,
advance,0,0,1400,,
v,0,1,1944,,
survey,0,0,1535,,
style,0,1,1934,,
mark,0,1,1850,,
companies,0,0,1387,,
interpretation,0,0,1382,,
garden,0,0,1558,,
expense,0,1,1909,,
levels,0,0,1552,,
characteristics,0,0,1646,,
substance,0,0,1330,,
output,0,0,1839,,
assistance,0,0,1492,,
proceedings,0,0,1425,,
address,0,0,1477,,
comparison,0,0,1627,,
doctor,0,0,1594,,
concentration,0,0,1606,,
limits,0,0,1425,,
bodies,0,0,1566,,
generation,0,0,1325,,
duke,0,1,1860,,
sex,0,1,1874,,
frequency,0,0,1570,,
circuit,0,0,1550,,
proof,0,0,1699,,
publication,0,0,1387,,
iii,0,0,Old English,,
intention,0,0,1611,,
profit,0,0,1330,,
institution,0,0,1380,,
instrument,0,0,1623,,
lands,0,1,1920,,
communication,0,0,1382,,
game,0,0,1775,,
director,0,1,1892,,
jurisdiction,0,0,1300,,
islands,0,0,1661,,
equipment,0,0,1717,,
properties,0,1,1897,,
crown,0,0,1602,,
opposition,0,0,1395,,
pounds,0,0,1570,,
axis,0,0,1601,,
authorities,0,0,1225,,
feelings,0,0,1225,,
minute,0,0,1601,,
box,0,1,1886,,
stages,0,0,1330,,
experiments,0,0,1481,,
steel,0,0,1811,,
poet,0,0,1382,,
sister,0,0,1609,,
mine,0,0,1600,,
consciousness,0,0,1605,,
youth,0,0,1672,,
asia,0,0,Old English,,
seat,0,0,1740,,
limit,0,0,1425,,
diameter,0,1,1853,,
funds,0,0,1762,,
planning,0,0,1730,,
medicine,0,0,1632,,
emperor,0,1,1854,,
composition,0,0,1382,,
pacific,0,0,1568,,
milk,0,1,1881,,
poetry,0,0,1387,,
season,0,0,1587,,
decisions,0,1,1877,,
philadelphia,0,0,1788,,
neck,0,0,1820,,
leader,0,0,1440,,
experiment,0,0,1481,,
mile,0,0,1722,,
safety,0,1,1916,,
station,0,0,1609,,
insurance,0,0,1556,,
pages,0,0,1615,,
thousands,0,0,Old English,,
legislature,0,0,1659,,
wages,0,0,1338,,
farm,0,0,1425,,
search,0,0,1440,,
thoughts,0,0,Old English,,
streets,0,0,1555,,
instances,0,0,1513,,
records,0,1,1950,,
project,0,0,1624,,
velocity,0,0,1555,,
curve,0,0,1609,,
percentage,0,0,1757,,
favor,0,0,1340,,
purchase,0,0,1325,,
circle,0,0,1374,,
sentence,0,0,1400,,
improvement,0,0,1449,,
jews,0,0,1825,,
medium,0,0,1573,,
defendant,0,0,1325,,
carolina,0,0,1735,,
path,0,1,1937,,
reports,0,0,1425,,
mary,0,1,1940,,
agent,0,0,1841,,
plans,0,0,1718,,
virtue,0,0,1393,,
advice,0,0,1325,,
journey,0,0,1330,,
reduction,0,0,1425,,
smith,0,0,Old English,,
grant,0,1,1889,,
tests,0,1,1952,,
bit,0,1,1947,,
captain,0,0,1631,,
transfer,0,0,1674,,
vice,0,1,1889,,
standards,0,1,1873,,
soldiers,0,0,1647,,
crime,0,0,1550,,
pattern,0,0,1567,,
unity,0,0,1604,,
investigation,0,0,1450,,
context,0,0,1774,,
settlement,0,0,1626,,
afternoon,0,0,1330,,
ohio,0,0,1810,,
branch,0,0,1640,,
relief,0,1,1898,,
actions,0,0,1734,,
louis,0,1,1855,,
buildings,0,0,1325,,
chapters,0,0,1485,,
taxes,0,0,1728,,
universe,0,0,1425,,
majesty,0,0,1300,,
chairman,0,1,1888,,
conception,0,0,1350,,
someone,0,0,1305,,
aspect,0,0,1692,,
accounts,0,0,1300,,
carbon,0,1,1922,,
sky,0,1,1908,,
columbia,0,0,Old English,,
moon,0,1,1918,,
maintenance,0,0,1350,,
regulations,0,0,1611,,
combination,0,0,1533,,
depth,0,0,1382,,
consequences,0,0,1645,,
investment,0,0,1600,,
ireland,0,1,1861,,
stress,0,0,1400,,
vessels,0,0,1790,,
assumption,0,0,1297,,
r,0,1,1955,,
sample,0,0,1592,,
promise,0,0,1430,,
towns,0,0,1585,,
branches,0,0,1382,,
debt,0,0,1604,,
site,0,1,1930,,
inhabitants,0,0,1462,,
ships,0,1,1998,,
wave,0,0,1688,,
scope,0,0,1688,,
stream,0,0,1250,,
plate,0,0,1449,,
coal,0,0,1673,,
request,0,0,1728,,
robert,0,0,1653,,
definition,0,0,1384,,
amendment,0,0,1230,,
reign,0,0,1699,,
fish,0,0,1825,,
pennsylvania,0,0,1739,,
contrast,0,0,1609,,
career,0,0,1594,,
representative,0,0,1475,,
governments,0,0,1400,,
mixture,0,0,1604,,
miss,0,1,1897,,
increases,0,0,1374,,
employees,0,1,1862,,
tradition,0,0,1637,,
writers,0,0,Old English,,
salt,0,1,1968,,
pieces,0,0,1430,,
province,0,0,1382,,
technology,0,0,1612,,
camp,0,1,1961,,
session,0,1,1895,,
rock,0,0,1719,,
defense,0,0,1398,,
personality,0,0,1425,,
atmosphere,0,1,1881,,
oxygen,0,0,1788,,
train,0,0,1838,,
preparation,0,0,1390,,
guide,0,0,1374,,
attempts,0,0,1548,,
units,0,0,1570,,
horses,0,0,Old English,,
fund,0,0,1762,,
resolution,0,0,1757,,
evolution,0,0,1616,,
estimate,0,0,1639,,
academy,0,0,1382,,
recognition,0,0,1430,,
hearing,0,0,1300,,
spot,0,1,1851,,
demands,0,0,1500,,
periods,0,0,1595,,
f,0,1,1954,,
heads,0,1,1959,,
discovery,0,0,1527,,
behalf,0,0,1330,,
contribution,0,0,1387,,
impact,0,0,1781,,
paragraph,0,0,1601,,
massachusetts,0,0,1616,,
boat,0,1,1974,,
code,0,0,1815,,
regions,0,0,1330,,
industries,0,0,1473,,
bar,0,1,1903,,
conversation,0,0,1830,,
interior,0,0,1490,,
feature,0,0,1755,,
rank,0,1,1867,,
movements,0,0,1393,,
probability,0,0,1443,,
sugar,0,1,1883,,
claims,0,0,1330,,
israel,0,0,Old English,,
forest,0,0,1818,,
satisfaction,0,0,1340,,
column,0,0,1839,,
birds,0,0,1574,,
observations,0,0,1382,,
emphasis,0,0,1534,,
grand,0,0,1602,,
statute,0,1,1880,,
revenue,0,0,1427,,
economics,0,0,1535,,
destruction,0,0,1330,,
americans,0,0,1568,,
temple,0,0,1595,,
honor,0,0,1275,,
stories,0,0,1692,,
chamber,0,0,1402,,
dinner,0,0,1724,,
midst,0,0,1450,,
message,0,0,1582,,
mountain,0,1,1899,,
selection,0,0,1650,,
dream,0,0,1600,,
commons,0,0,1808,,
bible,0,0,1529,,
mistake,0,0,1600,,
colonies,0,0,1790,,
reply,0,0,1560,,
happiness,0,0,1473,,
organizations,0,0,1425,,
degrees,0,0,1614,,
taste,0,0,1847,,
instruction,0,0,1410,,
metal,0,0,1578,,
expansion,0,0,1611,,
symptoms,0,0,1648,,
diseases,0,0,1384,,
intelligence,0,0,1644,,
vessel,0,0,1790,,
democracy,0,0,1500,,
texas,0,1,1853,,
illinois,0,0,1698,,
shore,0,1,1908,,
tone,0,0,1387,,
access,0,1,1953,,
plaintiff,0,0,1393,,
signs,0,0,1641,,
weather,0,0,1440,,
favour,0,0,1340,,
criticism,0,0,1606,,
grace,0,0,1225,,
observation,0,0,1382,,
injury,0,0,1651,,
gentleman,0,0,1222,,
honour,0,0,1275,,
efficiency,0,0,1593,,
grounds,0,0,1275,,
silence,0,0,1551,,
motor,0,1,1895,,
damage,0,0,1400,,
authors,0,0,1597,,
drive,0,0,1662,,
glory,0,0,1440,,
imagination,0,0,1340,,
decline,0,0,1374,,
nerve,0,0,1532,,
arrangement,0,0,1715,,
arrival,0,0,1393,,
navy,0,1,1872,,
ocean,0,0,1300,,
agency,0,0,1600,,
declaration,0,0,1340,,
waters,0,0,Old English,,
victory,0,0,1576,,
slavery,0,0,1548,,
joy,0,0,1529,,
smile,0,0,1823,,
bread,0,1,1910,,
wisdom,0,0,Old English,,
port,0,1,1982,,
egypt,0,0,Old English,,
testament,0,1,1878,,
harvard,0,0,Old English,,
items,0,0,1601,,
advantages,0,0,1459,,
editor,0,0,1825,,
poem,0,0,1487,,
mankind,0,0,1672,,
crisis,0,0,1400,,
rain,0,0,1603,,
sin,0,0,1330,,
vision,0,0,1594,,
railway,0,0,1844,,
competition,0,0,1650,,
amounts,0,0,1450,,
characters,0,0,1555,,
defence,0,0,1398,,
root,0,1,1894,,
bonds,0,1,1884,,
strike,0,0,1690,,
flowers,0,1,1881,,
scheme,0,0,1716,,
extension,0,0,1400,,
couple,0,0,1320,,
benefits,0,0,1549,,
peoples,0,0,1475,,
aim,0,1,1994,,
teeth,0,0,1425,,
surprise,0,0,1474,,
novel,0,0,1405,,
tears,0,0,1611,,
ear,0,0,1847,,
brothers,0,0,1428,,
legislation,0,0,1606,,
policies,0,1,1857,,
commander,0,1,1881,,
habit,0,0,1753,,
jury,0,0,1667,,
campaign,0,0,1692,,
stars,0,0,1710,,
index,0,0,1720,,
expenses,0,1,1909,,
bay,0,1,1906,,
suit,0,0,1431,,
programs,0,0,1834,,
equations,0,0,1393,,
variation,0,0,1405,,
burden,0,1,1897,,
layer,0,0,1831,,
atlantic,0,0,1387,,
mode,0,0,1654,,
reform,0,0,1606,,
audience,0,0,1387,,
francisco,0,0,Old English,,
file,0,1,1851,,
lips,0,1,1982,,
millions,0,0,1390,,
voltage,0,1,1890,,
muscles,0,0,1802,,
gods,0,0,1574,,
wishes,0,0,1390,,
steam,0,0,1577,,
decrease,0,0,1383,,
bridge,0,1,1908,,
bishop,0,0,1727,,
execution,0,0,1565,,
legs,0,0,1587,,
decade,0,0,1600,,
custom,0,0,1392,,
ice,0,1,1950,,
railroad,0,0,1829,,
directors,0,1,1892,,
statements,0,1,1931,,
hills,0,0,1552,,
australia,0,0,Old English,,
courage,0,0,1614,,
profits,0,0,1330,,
bone,0,1,1889,,
store,0,0,1384,,
appointment,0,0,1440,,
peter,0,1,1869,,
artist,0,0,1603,,
los,0,1,1969,,
load,0,0,1781,,
breath,0,0,1459,,
directions,0,0,1407,,
witness,0,0,1300,,
pair,0,1,1867,,
violence,0,0,1592,,
magnitude,0,0,1425,,
profession,0,0,1225,,
iv,0,1,1951,,
everyone,0,0,1250,,
churches,0,1,1939,,
hole,0,0,1221,,
mission,0,0,1692,,
thirds,0,0,1455,,
reserve,0,0,1815,,
approval,0,0,1690,,
variables,0,0,1387,,
dog,0,0,1835,,
tissue,0,0,1483,,
darkness,0,0,Old English,,
intensity,0,0,1665,,
fortune,0,0,1600,,
scotland,0,0,Old English,,
density,0,0,1603,,
beings,0,0,1330,,
conclusions,0,0,1374,,
shoulder,0,0,1300,,
citizen,0,0,1686,,
michigan,0,0,1814,,
officials,0,1,1884,,
cotton,0,0,1840,,
tongue,0,0,1388,,
fort,0,1,1867,,
throne,0,0,1449,,
hydrogen,0,0,1791,,
printing,0,0,1700,,
fashion,0,0,1727,,
gift,0,1,1984,,
hotel,0,1,1852,,
snow,0,0,1676,,
skill,0,0,1600,,
notion,0,0,1641,,
canal,0,0,1792,,
pupils,0,0,1599,,
clause,0,1,1895,,
background,0,0,1768,,
qualities,0,0,1813,,
conviction,0,0,1491,,
civilization,0,0,1656,,
sales,0,0,1809,,
fault,0,0,1377,,
rays,0,1,1889,,
relationships,0,0,1724,,
computer,0,0,1613,,
club,0,0,1593,,
pope,0,0,1781,,
flesh,0,0,1530,,
shares,0,0,1735,,
compensation,0,0,1387,,
park,0,0,1601,,
enemies,0,1,1864,,
treasury,0,1,1856,,
machinery,0,0,1687,,
contents,0,0,1578,,
fruit,0,0,1377,,
manufacture,0,0,1648,,
publishing,0,0,1450,,
regulation,0,0,1611,,
fate,0,1,1876,,
entrance,0,0,1569,,
macmillan,0,0,Old English,,
engine,0,0,1522,,
representation,0,0,1805,,
guard,0,0,1767,,
location,0,0,1568,,
sacrifice,0,0,1290,,
respects,0,0,1487,,
positions,0,0,1647,,
finance,0,0,1566,,
jersey,0,0,1583,,
angles,0,1,1874,,
count,0,1,1854,,
fluid,0,0,1603,,
prayer,0,0,1382,,
slave,0,0,1789,,
row,0,1,1949,,
thanks,0,0,Old English,,
cash,0,0,1829,,
copper,0,1,1872,,
negro,0,0,1555,,
david,0,0,Old English,,
edward,0,0,1616,,
goal,0,0,1815,,
wales,0,0,1636,,
cycle,0,1,1878,,
ray,0,1,1889,,
opinions,0,0,1555,,
clothes,0,0,Old English,,
separation,0,0,1413,,
cry,0,0,1275,,
hundreds,0,0,Old English,,
alcohol,0,0,1543,,
richard,0,0,1572,,
accident,0,0,1450,,
worship,0,0,1200,,
particles,0,0,1616,,
wine,0,1,1988,,
tables,0,0,1450,,
masses,0,1,1965,,
travel,0,0,1400,,
colony,0,0,1790,,
customs,0,0,1392,,
quantities,0,0,1325,,
sheet,0,0,1817,,
techniques,0,0,1817,,
hearts,0,0,Old English,,
windows,0,0,1616,,
nose,0,0,1577,,
assets,0,0,1325,,
johnson,0,1,1863,,
homes,0,1,1971,,
statistics,0,0,1770,,
experiences,0,0,1541,,
membrane,0,0,1425,,
languages,0,0,1628,,
pocket,0,0,1631,,
leadership,0,0,1821,,
quarters,0,0,1387,,
sunday,0,1,1892,,
waste,0,0,1386,,
song,0,0,1657,,
baby,0,0,1744,,
berlin,0,0,1694,,
yield,0,0,Old English,,
crowd,0,1,1880,,
blow,0,0,1788,,
ministers,0,0,1340,,
participation,0,0,1398,,
components,0,0,1563,,
colour,0,0,1707,,
equilibrium,0,0,1608,,
film,0,0,1604,,
rooms,0,0,1578,,
formula,0,0,1638,,
rocks,0,1,1854,,
sand,0,0,1625,,
writings,0,0,Old English,,
dozen,0,0,1487,,
attorney,0,1,1876,,
removal,0,0,1595,,
prison,0,0,1225,,
equality,0,0,1398,,
palace,0,0,1660,,
muscle,0,0,1802,,
provinces,0,0,1382,,
consumption,0,0,1398,,
continent,0,0,1494,,
van,0,1,1927,,
ball,0,1,1955,,
documents,0,0,1648,,
obligation,0,0,1325,,
gospel,0,0,Old English,,
theatre,0,1,1896,,
dispute,0,0,1593,,
confusion,0,0,1290,,
woods,0,1,1925,,
era,0,1,1970,,
sector,0,1,1881,,
engineering,0,1,1863,,
diagnosis,0,0,1681,,
entry,0,0,1325,,
yards,0,0,1758,,
enterprise,0,0,1473,,
hell,0,0,1738,,
focus,0,0,1776,,
fever,0,0,1450,,
punishment,0,0,1402,,
poems,0,0,1487,,
agencies,0,0,1600,,
transportation,0,0,1540,,
stomach,0,0,1523,,
depression,0,0,1400,,
trace,0,0,1796,,
h,0,1,1950,,
pride,0,0,1330,,
indication,0,0,1541,,
roof,0,1,1851,,
laboratory,0,0,1592,,
liver,0,0,1825,,
sphere,0,0,1607,,
occupation,0,0,1325,,
ears,0,0,1847,,
fingers,0,0,1425,,
reputation,0,0,1390,,
poverty,0,0,1225,,
meetings,0,0,Old English,,
organs,0,1,1887,,
christianity,0,0,1300,,
phenomena,0,0,1583,,
pictures,0,0,1490,,
acids,0,0,1626,,
mississippi,0,0,1728,,
farmers,0,0,1325,,
cup,0,0,1825,,
drug,0,0,1726,,
servant,0,1,1858,,
inquiry,0,0,1440,,
acceptance,0,0,1528,,
trip,0,1,1909,,
g,0,1,1948,,
remainder,0,0,1412,,
rivers,0,0,1531,,
cloth,0,0,1582,,
facilities,0,0,1425,,
technique,0,0,1817,,
cooperation,0,0,1495,,
noise,0,0,1393,,
cents,0,0,1555,,
grass,0,0,1793,,
genius,0,0,1387,,
sodium,0,0,1808,,
protein,0,0,1844,,
decades,0,0,1600,,
discharge,0,0,1390,,
roads,0,0,1841,,
signal,0,0,1800,,
shoulders,0,0,1300,,
infection,0,0,1398,,
ring,0,0,1662,,
payments,0,0,1778,,
parent,0,0,1663,,
lords,0,0,1823,,
wire,0,0,1406,,
grade,0,0,1563,,
societies,0,0,1513,,
corn,0,0,1693,,
slaves,0,0,1559,,
situations,0,0,1425,,
variations,0,0,1405,,
gravity,0,0,1509,,
charges,0,0,1250,,
loan,0,0,1836,,
commissioner,0,0,1414,,
occasions,0,0,1540,,
cattle,0,0,1275,,
violation,0,0,1433,,
saint,0,0,1555,,
earl,0,0,1480,,
map,0,1,1984,,
substances,0,0,1330,,
opportunities,0,0,1387,,
germans,0,0,Old English,,
star,0,0,1710,,
doors,0,0,Old English,,
accuracy,0,0,1644,,
instructions,0,0,1410,,
sympathy,0,0,1615,,
answers,0,0,Old English,,
waves,0,1,1942,,
electron,0,1,1891,,
summary,0,0,1509,,
securities,0,0,1425,,
magazine,0,0,1763,,
offices,0,0,1449,,
roots,0,0,1846,,
supplies,0,0,1701,,
gentlemen,0,0,1222,,
frame,0,0,1400,,
wars,0,0,1687,,
identity,0,0,1545,,
eggs,0,0,1834,,
plenty,0,0,1250,,
agents,0,0,1841,,
habits,0,0,1366,,
dress,0,0,1450,,
phenomenon,0,0,1583,,
judges,0,0,1350,,
employer,0,0,1595,,
hypothesis,0,0,1596,,
sword,0,0,1640,,
acres,0,0,Old English,,
faculty,0,0,1382,,
chain,0,0,1377,,
readers,0,0,Old English,,
meat,0,0,1610,,
k,0,1,1999,,
hat,0,0,1721,,
essence,0,0,1635,,
version,0,0,1715,,
murder,0,0,1658,,
wage,0,0,1686,,
soldier,0,0,1647,,
duration,0,0,1384,,
shadow,0,0,Old English,,
departments,0,1,1885,,
servants,0,0,1616,,
validity,0,0,1553,,
districts,0,0,1792,,
austria,0,0,Old English,,
angeles,0,0,Old English,,
dignity,0,0,1225,,
comfort,0,0,1290,,
wisconsin,0,1,1895,,
translation,0,0,1382,,
transition,0,1,1877,,
priest,0,0,1475,,
kitchen,0,1,1918,,
alliance,0,0,1533,,
border,0,0,1776,,
princeton,0,1,1965,,
bones,0,1,1869,,
circulation,0,0,1535,,
harm,0,0,Old English,,
residence,0,0,1693,,
radio,0,1,1919,,
incident,0,1,1855,,
indies,0,1,1956,,
bird,0,1,1897,,
arguments,0,0,1747,,
moments,0,0,1661,,
exceptions,0,0,1845,,
lincoln,0,1,1952,,
conscience,0,0,1225,,
joseph,0,0,1659,,
findings,0,0,Old English,,
shop,0,1,1997,,
attitudes,0,0,1668,,
physician,0,0,1825,,
privilege,0,0,1325,,
fleet,0,1,1880,,
essays,0,0,1597,,
tea,0,0,1810,,
illness,0,0,1500,,
spirits,0,0,1598,,
considerations,0,0,1386,,
mechanism,0,0,1662,,
manager,0,0,1598,,
phrase,0,0,1540,,
kings,0,0,1425,,
passion,0,0,1728,,
band,0,0,1672,,
wilson,0,1,1917,,
finger,0,0,1425,,
harper,0,0,1586,,
bond,0,1,1884,,
instruments,0,0,1623,,
delay,0,0,1624,,
publications,0,0,1387,,
telephone,0,1,1877,,
atoms,0,0,1779,,
limitations,0,0,1405,,
liability,0,0,1794,,
interaction,0,0,1832,,
ladies,0,1,1918,,
thickness,0,1,1978,,
unions,0,0,1475,,
debate,0,0,1658,,
household,0,0,1382,,
sets,0,1,1962,,
diet,0,0,1471,,
coat,0,1,1884,,
charter,0,0,1600,,
climate,0,0,1849,,
boundary,0,0,1626,,
friendship,0,0,Old English,,
communities,0,0,1395,,
clerk,0,0,1822,,
ease,0,0,1582,,
gun,0,0,1622,,
dust,0,0,1611,,
guns,0,0,1622,,
threat,0,0,1400,,
humanity,0,0,1384,,
interval,0,0,1630,,
painting,0,0,1577,,
suggestion,0,0,1340,,
contributions,0,0,1387,,
solutions,0,1,1891,,
wheat,0,0,1847,,
fathers,0,0,1425,,
speaker,0,0,1303,,
newspaper,0,0,1703,,
cabinet,0,0,1632,,
worker,0,0,1382,,
faces,0,0,1440,,
expedition,0,0,1430,,
objection,0,0,1425,,
gulf,0,0,1549,,
theories,0,0,1588,,
housing,0,0,1810,,
grain,0,1,1892,,
missouri,0,0,1698,,
copyright,0,1,1878,,
departure,0,0,1515,,
testimony,0,0,1642,,
molecules,0,0,1701,,
mercy,0,0,1645,,
gate,0,1,1973,,
membership,0,0,1643,,
harmony,0,0,1384,,
intervals,0,0,1630,,
owners,0,0,Old English,,
sheep,0,0,1808,,
illustration,0,0,1480,,
candidate,0,0,1848,,
desk,0,0,1846,,
employee,0,1,1862,,
mines,0,0,1661,,
structures,0,0,1664,,
errors,0,0,1828,,
senses,0,0,1564,,
glance,0,1,1894,,
prisoners,0,0,1450,,
breach,0,0,1547,,
disposal,0,0,1630,,
adoption,0,0,1340,,
markets,0,0,1455,,
appeals,0,0,1330,,
commonwealth,0,0,1445,,
universities,0,0,1680,,
tribes,0,0,1696,,
coffee,0,1,1851,,
colleges,0,0,1819,,
newspapers,0,0,1703,,
width,0,0,1708,,
transport,0,0,1485,,
chemistry,0,0,1605,,
reflection,0,0,1398,,
publishers,0,0,1453,,
discipline,0,0,1300,,
prosperity,0,0,1225,,
rent,0,1,1968,,
electrons,0,1,1891,,
tons,0,0,1769,,
arrangements,0,0,1715,,
shakespeare,0,1,1896,,
measurement,0,0,1325,,
assistant,0,0,1400,,
beam,0,0,1430,,
ownership,0,0,1583,,
perception,0,0,1398,,
pipe,0,1,1865,,
knees,0,0,Old English,,
document,0,0,1648,,
reactions,0,0,1585,,
evaluation,0,0,1755,,
patterns,0,0,1567,,
marks,0,1,1850,,
block,0,0,1800,,
theme,0,0,1594,,
morrow,0,0,1839,,
discretion,0,0,1325,,
fraction,0,0,1841,,
defeat,0,0,1553,,
baltimore,0,0,1669,,
outcome,0,0,1592,,
petition,0,0,1607,,
obligations,0,0,1325,,
villages,0,0,1819,,
colonel,0,0,1687,,
bulletin,0,0,1838,,
cancer,0,0,1824,,
jobs,0,0,1843,,
dollar,0,0,1553,,
votes,0,0,1827,,
avenue,0,1,1865,,
temperatures,0,0,1531,,
drugs,0,0,1616,,
procedures,0,0,1577,,
flight,0,0,1847,,
skills,0,0,1600,,
tract,0,0,1780,,
radiation,0,0,1500,,
component,0,0,1563,,
breast,0,0,1486,,
objectives,0,0,1490,,
portions,0,0,1400,,
jerusalem,0,0,1382,,
preservation,0,0,1425,,
stones,0,0,1175,,
proceeds,0,0,1450,,
hopes,0,0,Old English,,
storm,0,0,1440,,
organism,0,0,1701,,
cord,0,0,1598,,
cm,0,1,1946,,
smoke,0,0,Old English,,
devil,0,0,1593,,
bell,0,1,1925,,
shri,0,0,1800,,
shift,0,0,1325,,
sounds,0,0,1611,,
interview,0,0,1548,,
offence,0,0,1512,,
route,0,1,1893,,
metals,0,0,1578,,
succession,0,0,1325,,
federation,0,0,1652,,
practices,0,0,1421,,
references,0,0,1623,,
damages,0,0,1400,,
physics,0,0,1487,,
tissues,0,0,1483,,
alexander,0,1,1920,,
volumes,0,0,1815,,
proposal,0,0,1597,,
traffic,0,1,1997,,
nobody,0,0,1400,,
copies,0,0,1530,,
correspondence,0,0,1413,,
elizabeth,0,0,1710,,
daughters,0,0,Old English,,
slope,0,1,1859,,
occurrence,0,0,1539,,
diagram,0,0,1841,,
voyage,0,1,1931,,
chest,0,0,1473,,
fuel,0,0,1593,,
tension,0,1,1891,,
greece,0,0,1380,,
laugh,0,0,1592,,
expenditure,0,0,1769,,
urine,0,0,1763,,
concepts,0,0,1603,,
wing,0,0,1567,,
sequence,0,1,1954,,
fruits,0,0,1377,,
correlation,0,0,1561,,
engineers,0,0,1738,,
assessment,0,0,1540,,
zealand,0,0,Old English,,
mcgraw,0,0,Old English,,
census,0,1,1881,,
negotiations,0,0,1500,,
privileges,0,0,1325,,
dance,0,0,1300,,
taxation,0,0,1325,,
controversy,0,0,1593,,
clothing,0,0,1582,,
categories,0,0,1588,,
anxiety,0,0,1475,,
ignorance,0,0,1225,,
appreciation,0,0,1475,,
weakness,0,0,1300,,
tools,0,0,1812,,
martin,0,1,1884,,
instant,0,0,1687,,
cape,0,1,1867,,
oath,0,0,1425,,
affair,0,0,1390,,
wound,0,0,1550,,
dioxide,0,0,1847,,
essay,0,0,1597,,
childhood,0,0,Old English,,
nucleus,0,0,1826,,
mathematics,0,0,1661,,
strain,0,1,1853,,
models,0,0,1581,,
courses,0,0,1650,,
bath,0,1,1955,,
throat,0,0,1611,,
manufacturing,0,0,1722,,
subsection,0,0,1621,,
corps,0,1,1909,,
apparatus,0,0,1628,,
organ,0,1,1887,,
affection,0,0,1570,,
nitrogen,0,0,1791,,
possibilities,0,0,1385,,
lieutenant,0,0,1377,,
recovery,0,0,1422,,
logic,0,0,1570,,
loans,0,0,1836,,
pound,0,0,1570,,
implications,0,0,1430,,
sisters,0,0,1609,,
sociology,0,0,1842,,
stanford,0,0,Old English,,
minority,0,0,1493,,
ml,1,1,1928,1928–,
counsel,0,0,1290,c1290–,
exports,0,0,1690,1690–,
tale,0,0,1588,1588–,
budget,0,0,1618,1618–,
praise,0,0,1574,1574–,
drama,0,0,1521,?1521–,
crops,0,0,1225,?c1225–,
returns,0,0,1413,a1413–,
developments,0,0,1724,1724–,
kansas,0,1,1972,1972–,
stability,0,0,1400,a1400–,
christians,0,0,1534,1534–,
supervision,0,0,1475,c1475–,
delivery,0,0,1327,1327–,
infant,0,0,1642,1483–1642,
excuse,0,0,1374,c1374–,
st,1,0,1797,1797–,
mill,0,1,1877,1877–,
leg,0,0,1691,1691,
tail,0,0,1770,1770–,
elections,0,0,1270,c1270–,
outbreak,0,1,1903,1903–,
therapy,0,0,1846,1846–,
hero,0,1,1869,1762–,
conquest,0,0,1670,c1330–1670,
gap,0,0,1847,1847–,
radius,0,1,1935,1935–,
input,0,0,1839,1839–,
pity,0,0,1475,?a1475–,
invasion,0,0,1539,1539–,
disposition,0,0,1374,c1374–,
poland,0,1,1881,1881–,
nerves,0,0,1532,1532–,
passages,0,0,1791,1791–,
vi,0,0,1200,a1200–,
trustees,0,0,1818,1818–,
item,0,0,1601,1601–,
poets,0,0,1382,a1382–,
goals,0,0,1815,1815–,
imprisonment,0,0,1389,1389–,
proposition,0,1,1922,1922–,
santa,0,0,1773,1773–,
masters,0,0,1827,1827–,
thesis,0,0,1398,a1398–,
cylinder,0,1,1887,1887–,
consumer,0,0,1425,c1425–,
perspective,0,0,1812,1812–,
personnel,0,0,1814,1814–,
phases,0,1,1904,1904–,
zone,0,0,1792,1792–,
applications,0,0,1398,a1398–,
device,0,0,1528,1528–,
territories,0,0,1477,1477–81,
realm,0,0,1300,c1300–,
salvation,0,0,1225,?c1225–,
coefficient,0,0,1665,1665–,
georgia,0,0,1796,1796–,
jones,0,1,1971,1971–,
uncle,0,0,1653,1653–,
verse,0,1,1984,1984–,
remarks,0,1,1983,1983–,
mirror,0,0,1410,?1410–,
plates,0,0,1425,c1425–,
farmer,0,0,1325,a1325–,
natives,0,0,1381,1381–,
stairs,0,0,1513,a1400–1513,
bulk,0,0,1863,1382–1863,
columns,0,0,1839,1839–,
souls,0,0,Old English,Old Engilish,
wheel,0,0,1707,c1440–1707,
ranks,0,0,1867,1709,
tower,0,1,1894,1894–,
fool,0,0,1598,1598–,
symbol,0,0,1832,1832–,
factory,0,0,1560,1560–,
release,0,0,1823,1823–,
admission,0,0,1423,1423–,
corporations,0,0,1439,1439–,
partnership,0,0,1576,1576–,
exposure,0,0,1609,1609–,
card,0,0,1653,1653–,
debts,0,0,1225,?c1225–,
host,0,0,1787,1297–1787,
achievement,0,0,1477,1477–,
lawyer,0,0,1797,1797–,
artery,0,1,1843,1843–,
team,0,0,1552,1552–,
wives,0,0,Old English,OLD English–,
mystery,0,0,1390,c1390–,
adjustment,0,0,1644,1644–,
absorption,0,0,1597,1597–,
generations,0,0,1325,a1325–,
seed,0,0,Old English,OLD English–,
firms,0,1,1875,1500–1875,
desert,0,0,1600,1600–,
deposits,0,0,1634,1634–,
shock,0,1,1911,1831–,
screen,0,1,1916,1789–1916,
calcium,0,1,1808,1808–,
architecture,0,1,1838,1838–,
media,0,1,1923,1923–,
losses,0,0,1624,1481–1624,
castle,0,0,1386,c1386–,
manners,0,0,1225,a1225–,
currency,0,0,1623,1623–,
margin,0,0,1669,1669–,
adams,0,1,1983,1983–,
allies,0,1,1977,1977–,
weapons,0,0,Old English,Old English–,
pole,0,1,1961,1961–,
challenge,0,0,1314,c1314–,
chapel,0,1,1946,1946–,
delight,0,0,1225,?c1225–,
remedy,0,0,1414,1414–,
frontier,0,0,1579,1579–,
adults,0,0,1909,1909–,
j,0,1,1973,1973–,
prospect,0,0,1834,1834–,
divisions,0,0,1374,c1374–,
compounds,0,0,1679,1679–,
completion,0,0,1657,1657–,
holland,0,1,1896,1896–,
moscow,0,1,1920,1920–,
commissioners,0,0,1414,1414–,
prisoner,0,0,1450,a1325–1450,
atom,0,0,1779,1745–,
wiley,0,0,1330,c1330–,
manuscript,0,0,1597,1597–,
trend,0,0,1640,a1640–,
contracts,0,0,1530,1530–,
crop,0,1,1957,1957–,
channel,0,0,1672,1672–,
certificate,0,0,1818,1818–,
seas,0,0,1839,1839–,
berkeley,0,1,1899,1899–,
projects,0,0,1477,1477–,
measurements,0,0,1325,a1325–,
stranger,0,0,1608,1608–,
transactions,0,0,1460,c1460–,
suggestions,0,0,1340,a1340–,
certainty,0,0,1303,1303–,
lease,0,1,1884,1884–,
orleans,0,0,1536,1536–,
bottle,0,0,1611,1611–,
clay,0,0,1884,1567–,
roosevelt,0,1,1897,1897–,
bacteria,0,1,1849,1849–,
bills,0,1,1969,1969–,
framework,0,0,1578,1578–,
images,0,0,1390,c1390–,
netherlands,0,0,Old English,Not found in oed,
penalty,0,0,1455,1455–,
spectrum,0,0,1611,1611–,
clergy,0,0,1225,a1225–,
network,0,0,1845,1845–,
florida,0,0,1840,1840–,
behaviour,0,0,1490,1490–,
classification,0,0,1767,1767–,
foundations,0,0,1661,1661,
track,0,0,1727,1727–,
partner,0,0,1616,a1616–,
ions,0,0,1834,1834–,
survival,0,0,1598,1598–,
pupil,0,0,1599,1599–,
illustrations,0,0,1480,c1480–,
commodities,0,0,1389,1389–,
accord,0,0,1500,a1413–1500,
imports,0,0,1548,1548–,
indiana,0,0,1818,1818–,
yard,0,0,1758,1758–,
witnesses,0,0,1300,a1300–,
eve,0,1,1889,1725–1889,
premises,0,0,1450,c1450–,
iowa,0,0,Old English,not found in oed,
client,0,0,1393,a1393–,
plot,0,1,1885,1885,
appendix,0,0,1757,1757–,
intervention,0,0,1425,c1425–,
export,0,0,1690,1690–,
haven,0,0,1384,c1384–,
minnesota,0,1,1910,1910–,
sentences,0,0,1400,c1400–,
greeks,0,0,1825,1615–1825,
interference,0,0,1783,1783–,
cavity,0,0,1541,?1541–,
associations,0,0,1535,1535–,
philip,0,0,1530,1530–,
desires,0,0,1303,1303–,
electricity,0,0,1646,1646–,
autumn,0,0,1661,1661–,
particle,0,0,1616,1616–50,
maryland,0,0,1702,1702–,
everybody,0,0,1405,c1405–,
sins,0,1,1958,1958–,
acquaintance,0,0,1230,c1230–,
merchant,0,0,1893,c1400–1893,
meal,0,0,1709,,
merits,0,0,1484,,
regret,0,0,1500,,
mayor,0,0,1575,,
peasants,0,0,1598,,
wings,0,0,1486,,
estimates,0,0,1565,,
pace,0,1,1985,,
vicinity,0,0,1560,,
concerns,0,0,1589,,
guidance,0,0,1548,,
sovereignty,0,0,1340,,
rotation,0,0,1500,,
armies,0,0,1425,,
anger,0,0,1325,,
yale,0,1,1869,1869,
surrender,0,0,1487,,
fee,0,1,1883,1883,
organisms,0,0,1701,,
outline,0,0,1790,,
remark,1,1,1983,,
curves,0,0,1609,,
egg,0,0,1834,,
regime,0,0,1475,,
resort,0,0,1836,,
regards,0,0,1348,,